hash,file,bundle,offset,size
fba1b83b26fc53a3,highcouncilmalestr_610f91c4.smd,Art/Models/Items/Armours/BodyArmours/Microtransactions_53,0,107532
44152381ef00bcae,highcouncilmalestr_610f91c4.smd.header,Tiny_2,30523168,375
ae4a13f05c39140f,highcouncilmalestrint_61f108bf.smd,Art/Models/Items/Armours/BodyArmours/Microtransactions_209,1852859,107280
0b3b8482fddf0bc4,highcouncilmalestrint_61f108bf.smd.header,Tiny_2,30523935,368
e8609fd34476caf3,highcouncilmalestrdex_34a079fa.smd,Art/Models/Items/Armours/BodyArmours/Microtransactions_209,1960139,108866
7d32da82ed87bed5,highcouncilmalestrdex_34a079fa.smd.header,Tiny_2,30523543,392
0d88c9b58f4cb46a,highcouncilmaledexint_43467325.smd,Art/Models/Items/Armours/BodyArmours/Microtransactions_209,2069005,106608
a8e3c9347d4c9ec2,highcouncilmaledexint_43467325.smd.header,Tiny_2,30522800,368
438c1869596d9a83,highcouncilmalebodydexint.sm,Tiny_2,30519868,724
e05c475e75454258,highcouncilmalebodystr.sm,Tiny_2,30520592,712
c63a5129019ec1e8,highcouncilmalebodystrdex.sm,Tiny_2,30521304,750
5333d2f4791c3c4e,highcouncilmalebodystrint.sm,Tiny_2,30522054,746
